"nome","decada","total"
"James","1950","845821"
"Michael","1950","839312"
"Robert","1950","832110"
"Michael","1960","837068"
"David","1960","736709"
"John","1960","716364"
"Michael","1970","712793"
"Jennifer","1970","583688"
"Christopher","1970","478445"
"Michael","1980","668724"
"Christopher","1980","558407"
"Jessica","1980","471446"
"Michael","1990","464210"
"Christopher","1990","361223"
"Matthew","1990","352315"
"Jacob","2000","274165"
"Michael","2000","251189"
"Joshua","2000","232246"
"Sophia","2010","104441"
"Emma","2010","98776"
"Isabella","2010","96445"
